"SYMBOL","CLOSE_PRICE","AVG_PRICE","TTL_TRD_QNTY","DELIV_PER","DELIV_LACS","DATE"
"HDFCBANK","1414.45","1398.07","11236850","50.9","79970","20210503"
"RELIANCE","1959.05","1958.46","10909942","34.84","74433","20210503"
"BAJFINANCE","5551.15","5450.95","4033591","21.79","47900","20210503"
"TATASTEEL","1064.75","1047.74","26484100","16.59","46031","20210503"
"INFY","1352.05","1350.88","4560337","60.28","37133","20210503"
"HDFC","2418.5","2401.4","2984938","48.15","34516","20210503"
"HCLTECH","907.7","903.47","6871176","53.96","33498","20210503"
"ICICIBANK","596.75","592.4","18010557","28.63","30548","20210503"
"BHARTIARTL","558.85","547.44","14288088","37.47","29306","20210503"
"SAIL","127.75","124.97","170916244","12.55","26807","20210503"
"KOTAKBANK","1725.45","1721.78","5593869","27.79","26766","20210503"
"AUBANK","924.05","929.14","6959261","38.47","24872","20210503"
"TITAN","1423.95","1433.79","3945733","40.59","22961","20210503"
"ITC","200.95","200.87","20611626","53.81","22276","20210503"
"INDUSINDBK","913.6","927.01","16854199","14.08","22004","20210503"
"SBIN","350.6","347.45","43691860","13.68","20769","20210503"
"TCS","3037.0","3035.65","1545831","41.16","19314","20210503"
"AXISBANK","702.75","700.77","13752878","16.68","16072","20210503"
"BHEL","53.5","51.24","133520586","21.59","14773","20210503"
"TATASTLBSL","86.35","81.59","55062358","32.51","14606","20210503"
"MARUTI","6597.85","6568.74","834923","19.43","10657","20210503"
"ULTRACEMCO","6350.15","6275.8","402055","42.0","10596","20210503"
"YESBANK","13.9","13.72","248997751","30.22","10324","20210503"
"NATIONALUM","67.65","66.92","59516858","25.3","10075","20210503"
"APOLLOHOSP","3204.3","3178.72","728281","40.54","9384","20210503"
"BAJAJFINSV","11041.7","10958.61","396931","15.43","6709","20210503"
"M&M","752.95","754.76","3749870","19.31","5464","20210503"
"MOTHERSUMI","215.7","216.55","8713281","25.36","4784","20210503"
"PNB","34.5","34.35","105720320","12.97","4708","20210503"
"IDFCFIRSTB","54.0","53.8","32646264","24.82","4358","20210503"
"JKCEMENT","2784.25","2796.07","140057","93.88","3676","20210503"
"IDEA","8.45","8.39","88911009","39.35","2935","20210503"
"RPOWER","5.3","5.07","97302674","44.98","2219","20210503"
"LALPATHLAB","2928.7","2929.25","227292","29.16","1941","20210503"
"DMART","2898.65","2884.82","232238","28.07","1880","20210503"
"TRENT","783.05","775.71","841965","27.15","1773","20210503"
"BATAINDIA","1348.1","1348.16","266065","29.14","1045","20210503"
"RELAXO","878.4","872.31","181064","65.93","1041","20210503"
"MUTHOOTFIN","1159.7","1152.55","424881","16.68","816","20210503"
"RCOM","1.75","1.7","66278654","49.45","557","20210503"
"TATASTLLP","940.45","940.45","36892","100.0","346","20210503"
"AHLUCONT","283.75","284.01","114601","96.13","312","20210503"
"JSWISPL","48.1","48.1","606280","100.0","291","20210503"
"METROPOLIS","2385.7","2404.3","24826","31.48","187","20210503"
"NCPSESDL24","104.16","104.25","145111","99.18","150","20210503"
"HONDAPOWER","999.95","998.83","14294","92.39","131","20210503"
"NH","410.25","410.33","55281","52.73","119","20210503"
"EBBETF0430","1150.59","1149.13","9469","96.02","104","20210503"
"MMP","89.6","88.73","114062","96.31","97","20210503"
"MAN50ETF","149.5","149.49","66903","97.19","97","20210503"
"RELIANCE","1916.6","1935.83","10083693","43.98","85855","20210504"
"HDFCBANK","1388.35","1403.8","10743164","41.47","62537","20210504"
"TATASTEEL","1063.85","1072.68","24961628","20.21","54120","20210504"
"BAJFINANCE","5615.75","5670.74","4838347","18.87","51768","20210504"
"ADANIPORTS","768.75","771.89","31400296","19.87","48166","20210504"
"HDFC","2377.2","2401.21","3135834","54.67","41168","20210504"
"INFY","1329.4","1339.98","4887060","58.47","38291","20210504"
"HCLTECH","900.95","907.88","6217026","65.34","36880","20210504"
"VEDL","258.55","257.76","30234483","45.9","35773","20210504"
"SAIL","128.0","131.33","195246744","13.49","34584","20210504"
"KOTAKBANK","1732.65","1745.27","4255151","44.64","33154","20210504"
"TATACHEM","708.55","725.95","23262075","19.21","32440","20210504"
"SBILIFE","982.9","980.77","10515809","27.17","28023","20210504"
"TCS","3049.75","3061.2","1990777","45.83","27931","20210504"
"SBIN","351.5","357.53","57749307","13.42","27715","20210504"
"BHARTIARTL","552.45","557.72","13934607","34.6","26888","20210504"
"TECHM","960.4","961.83","4064221","63.27","24731","20210504"
"ICICIBANK","591.55","600.27","15115127","24.67","22380","20210504"
"AXISBANK","700.35","710.29","11980155","25.14","21395","20210504"
"PNB","37.45","37.38","426069700","10.64","16944","20210504"
"BHEL","52.55","54.35","154123432","15.88","13301","20210504"
"BANKBARODA","70.4","70.71","117824041","15.79","13156","20210504"
"BAJAJFINSV","10986.45","11038.97","522101","21.33","12295","20210504"
"M&M","741.15","744.42","3820769","39.09","11118","20210504"
"IDFCFIRSTB","55.75","56.31","64253913","24.39","8825","20210504"
"MARUTI","6508.25","6544.51","507170","24.26","8052","20210504"
"APOLLOHOSP","3181.25","3193.96","581864","37.94","7050","20210504"
"MOTHERSUMI","216.8","220.4","12261807","22.65","6120","20210504"
"ULTRACEMCO","6296.45","6355.78","330346","26.57","5578","20210504"
"YESBANK","13.85","14.0","104431586","36.74","5372","20210504"
"DISHTV","11.85","11.5","106331581","31.11","3803","20210504"
"IDEA","8.25","8.37","130270445","33.49","3651","20210504"
"BAJAJHIND","8.75","9.25","95822610","39.94","3540","20210504"
"RPOWER","5.05","5.27","98395108","56.75","2942","20210504"
"LALPATHLAB","2855.55","2893.92","237690","37.08","2550","20210504"
"IIFL","252.0","253.27","1088075","90.27","2487","20210504"
"DMART","2858.4","2887.23","239282","34.99","2417","20210504"
"TRENT","776.8","781.21","651087","43.15","2194","20210504"
"BATAINDIA","1357.3","1357.02","462920","25.6","1608","20210504"
"MUTHOOTFIN","1149.2","1162.56","443495","29.1","1500","20210504"
"QUESS","620.05","620.85","252432","89.25","1398","20210504"
"JKCEMENT","2788.55","2772.27","63664","73.82","1302","20210504"
"CHOLAHLDNG","570.25","570.4","252195","90.33","1299","20210504"
"METROPOLIS","2266.5","2324.42","50674","51.42","605","20210504"
"RELAXO","889.65","894.87","196103","28.37","497","20210504"
"TATASTLLP","987.45","987.45","42486","100.0","419","20210504"
"EBBETF0423","1124.01","1124.07","30579","98.73","339","20210504"
"EBBETF0425","1037.69","1037.99","27334","99.49","282","20210504"
"IRISDOREME","106.15","103.37","249745","91.32","235","20210504"
"NH","397.65","404.24","102724","52.05","216","20210504"
"AGCNET","1609.65","1618.26","11069","93.12","166","20210504"
"AHLUCONT","281.25","285.69","53472","93.03","142","20210504"
"VEDL","264.3","263.66","83074283","54.54","119470","20210505"
"HDFC","2377.6","2376.82","3458463","56.71","46614","20210505"
"BAJFINANCE","5515.15","5545.16","4378693","16.85","40922","20210505"
"HDFCBANK","1402.6","1400.18","7210806","40.16","40544","20210505"
"LUPIN","1200.5","1162.89","26466899","11.93","36728","20210505"
"ADANIPORTS","738.1","744.59","29426971","15.81","34636","20210505"
"RELIANCE","1920.1","1923.26","5719649","30.81","33895","20210505"
"SUNPHARMA","683.4","673.39","25296369","18.93","32238","20210505"
"TCS","3095.7","3083.22","1939289","51.74","30937","20210505"
"INFY","1341.5","1337.33","3939788","53.76","28325","20210505"
"TATASTEEL","1070.15","1067.25","19249839","13.63","27994","20210505"
"ICICIBANK","602.8","596.84","17253943","24.79","25528","20210505"
"CIPLA","888.65","886.82","10491085","27.03","25150","20210505"
"CADILAHC","601.7","594.8","23454643","17.65","24622","20210505"
"BHARTIARTL","559.95","560.72","11872729","34.15","22734","20210505"
"BHEL","56.75","55.37","167171542","24.21","22404","20210505"
"WIPRO","490.6","490.81","11856591","36.22","21079","20210505"
"SAIL","130.3","130.03","104823675","13.21","18000","20210505"
"APOLLOHOSP","3332.9","3292.52","1679977","28.73","15890","20210505"
"KOTAKBANK","1770.75","1759.05","2411643","33.48","14202","20210505"
"SBIN","355.4","354.45","40872501","9.0","13034","20210505"
"AXISBANK","717.2","711.1","11155033","15.93","12637","20210505"
"BANKBARODA","72.35","71.98","66540783","25.97","12437","20210505"
"ONGC","111.1","111.92","47588366","20.61","10978","20210505"
"PNB","37.45","37.66","178293892","15.93","10696","20210505"
"M&M","747.55","743.76","3102424","40.46","9337","20210505"
"MARUTI","6590.1","6551.0","499160","23.59","7712","20210505"
"LIQUIDBEES","1000.0","1000.0","797992","94.89","7571","20210505"
"MOTHERSUMI","219.65","218.03","13492021","24.76","7282","20210505"
"IDBI","37.95","38.5","76189681","22.93","6725","20210505"
"BAJAJFINSV","11114.45","11022.93","307750","15.29","5187","20210505"
"LALPATHLAB","2836.05","2855.38","484640","36.36","5031","20210505"
"TRENT","796.05","792.28","1229552","45.0","4384","20210505"
"IDFCFIRSTB","56.2","56.3","29480874","22.4","3717","20210505"
"ULTRACEMCO","6380.35","6344.07","215973","24.24","3320","20210505"
"VTL","1265.75","1207.97","279755","90.14","3046","20210505"
"YESBANK","13.85","13.89","55591203","38.71","2988","20210505"
"IDEA","8.35","8.36","81857103","36.84","2520","20210505"
"SUNCLAYLTD","3100.0","3101.36","57051","93.16","1648","20210505"
"BATAINDIA","1359.8","1360.86","323774","36.03","1587","20210505"
"DMART","2874.4","2869.0","136956","35.55","1397","20210505"
"ICICITECH","258.66","258.4","515624","97.83","1303","20210505"
"MUTHOOTFIN","1150.75","1153.01","427270","24.79","1221","20210505"
"NH","409.1","405.91","434279","42.79","754","20210505"
"MAGMA","128.65","128.65","459678","100.0","591","20210505"
"SHAREINDIA","388.8","382.7","144857","92.19","511","20210505"
"METROPOLIS","2322.55","2314.15","72502","26.74","448","20210505"
"RELAXO","897.9","897.41","126634","32.94","374","20210505"
"ICICILIQ","999.99","1000.0","34655","97.82","339","20210505"
"JKCEMENT","2775.15","2775.01","15632","77.83","337","20210505"
"EBBETF0430","1149.88","1149.51","17482","91.65","184","20210505"
"SAFARI","602.55","609.08","24308","91.69","135","20210505"
"RELIANCE","1931.0","1920.95","6749281","41.94","54378","20210506"
"TATASTEEL","1100.9","1103.47","46434537","8.87","45434","20210506"
"ICICIBANK","608.2","605.35","16949763","42.69","43805","20210506"
"HDFCBANK","1400.9","1403.34","5738522","44.89","36153","20210506"
"INFY","1361.6","1354.33","4810090","51.11","33295","20210506"
"BANDHANBNK","294.75","300.85","23749358","45.01","32162","20210506"
"HCLTECH","916.0","911.9","6319104","50.6","29159","20210506"
"HDFC","2430.1","2416.49","2401866","50.12","29088","20210506"
"CIPLA","884.3","897.07","17973153","17.44","28124","20210506"
"TCS","3111.45","3107.27","1791671","46.39","25825","20210506"
"TATAMOTORS","301.25","297.01","45032502","18.39","24591","20210506"
"WIPRO","512.3","506.32","24413544","19.62","24251","20210506"
"TECHM","977.95","971.26","4620827","52.93","23753","20210506"
"HINDALCO","385.95","379.35","31912131","19.29","23356","20210506"
"SAIL","133.65","132.32","97680986","17.39","22473","20210506"
"HINDUNILVR","2390.0","2388.64","1377740","62.41","20537","20210506"
"KOTAKBANK","1788.25","1780.75","2380255","47.72","20225","20210506"
"AXISBANK","715.75","715.21","9484934","28.65","19434","20210506"
"SBIN","355.55","354.51","36294427","14.8","19047","20210506"
"BHEL","58.05","58.15","195095327","14.94","16945","20210506"
"M&M","747.4","750.02","3662506","53.83","14787","20210506"
"BAJFINANCE","5528.8","5538.38","2223111","11.27","13873","20210506"
"IDBI","40.55","41.2","119271336","26.61","13075","20210506"
"MARUTI","6666.65","6664.2","520125","36.58","12678","20210506"
"APOLLOHOSP","3347.15","3346.81","1124908","29.71","11185","20210506"
"SUBEXLTD","60.3","58.36","63207319","25.67","9470","20210506"
"YESBANK","13.55","13.59","122661349","45.27","7547","20210506"
"MOTHERSUMI","222.15","220.85","18605949","17.69","7270","20210506"
"PNB","36.4","36.67","114302420","16.57","6946","20210506"
"TIINDIA","1218.0","1220.18","496342","96.8","5862","20210506"
"ULTRACEMCO","6405.45","6380.56","246632","32.77","5157","20210506"
"BAJAJFINSV","11027.95","11066.95","228840","19.24","4872","20210506"
"IDFCFIRSTB","56.85","56.41","24639694","28.43","3952","20210506"
"RPOWER","5.5","5.3","138623193","47.24","3470","20210506"
"LALPATHLAB","2841.45","2846.13","251678","42.32","3031","20210506"
"MUTHOOTFIN","1170.15","1159.17","590519","36.62","2506","20210506"
"RITES","239.35","238.07","1057193","94.51","2378","20210506"
"IDEA","8.3","8.33","60140244","37.47","1877","20210506"
"DMART","2878.15","2874.71","158581","39.84","1816","20210506"
"TRENT","778.15","779.26","665468","31.12","1613","20210506"
"JKCEMENT","2778.35","2774.16","60978","93.34","1578","20210506"
"BATAINDIA","1352.1","1358.11","252451","45.02","1543","20210506"
"EBBETF0430","1152.6","1152.49","89221","99.43","1022","20210506"
"MAHLIFE","467.6","472.69","205623","93.96","913","20210506"
"JSWISPL","55.65","55.65","1336128","99.98","743","20210506"
"NH","405.1","404.15","266783","63.01","679","20210506"
"MOREPENLAB","58.9","58.9","1099756","99.98","647","20210506"
"RCOM","1.7","1.65","50649845","66.95","559","20210506"
"BRIGADE","254.25","255.98","176405","94.57","427","20210506"
"ICICILIQ","1000.0","1000.0","24634","98.96","243","20210506"
"METROPOLIS","2340.5","2353.56","38007","25.1","224","20210506"
"RELAXO","894.1","897.25","67311","35.17","212","20210506"
"RPPINFRA","64.6","64.8","230900","95.72","143","20210506"
"TATASTEEL","1182.35","1163.52","54075433","9.81","61741","20210507"
"HDFC","2496.75","2471.14","4829852","40.22","48002","20210507"
"RELIANCE","1931.75","1940.01","5671163","42.64","46918","20210507"
"HDFCBANK","1414.75","1418.94","6024167","47.5","40605","20210507"
"INFY","1352.55","1357.23","4991435","54.43","36873","20210507"
"SAIL","144.25","141.17","164883787","15.01","34944","20210507"
"HINDALCO","401.1","396.21","46343220","16.43","30173","20210507"
"TCS","3132.9","3136.92","1912540","49.48","29687","20210507"
"VEDL","283.05","282.25","38947011","25.81","28375","20210507"
"SBIN","358.25","357.21","38357618","19.3","26438","20210507"
"TATACONSUM","629.0","625.35","14598653","27.79","25366","20210507"
"SRF","6279.15","6339.46","1359690","28.61","24662","20210507"
"WIPRO","515.25","512.83","14666581","31.95","24030","20210507"
"BHARTIARTL","568.5","567.84","12656867","32.94","23671","20210507"
"ADANIPORTS","767.75","763.24","20782117","14.86","23569","20210507"
"NATIONALUM","76.0","74.37","142651924","20.67","21930","20210507"
"HCLTECH","916.4","917.07","3651558","57.91","19392","20210507"
"ICICIBANK","607.1","608.56","10941083","26.6","17707","20210507"
"MARUTI","6703.05","6697.04","605050","38.86","15748","20210507"
"M&M","767.4","763.84","4833670","35.75","13197","20210507"
"ULTRACEMCO","6481.9","6480.87","745582","24.99","12075","20210507"
"BHEL","57.8","57.98","81272693","25.6","12064","20210507"
"AXISBANK","716.75","720.13","7131970","22.24","11421","20210507"
"KOTAKBANK","1780.35","1791.51","1610730","34.63","9993","20210507"
"BAJFINANCE","5493.8","5524.44","1851033","9.72","9935","20210507"
"LIQUIDBEES","1000.0","1000.01","1047955","92.15","9657","20210507"
"PNB","36.25","36.37","110980908","23.41","9450","20210507"
"MOTHERSUMI","220.9","221.82","12997665","31.08","8959","20210507"
"YESBANK","13.35","13.37","120981135","48.4","7829","20210507"
"BAJAJFINSV","11318.45","11192.64","343443","18.15","6975","20210507"
"APOLLOHOSP","3310.85","3340.3","774478","25.2","6518","20210507"
"MUTHOOTFIN","1211.7","1203.5","2141889","21.97","5663","20210507"
"IDFCFIRSTB","56.75","56.93","29913541","31.84","5422","20210507"
"RPOWER","6.05","5.8","152055878","53.22","4693","20210507"
"TRIDENT","15.25","14.98","81373515","37.12","4524","20210507"
"IDEA","8.3","8.28","108570333","47.01","4226","20210507"
"SOUTHBANK","9.3","9.1","139316824","29.46","3734","20210507"
"DMART","2895.5","2910.26","365600","28.54","3036","20210507"
"JKCEMENT","2779.55","2799.21","107682","95.71","2885","20210507"
"LALPATHLAB","2860.0","2867.68","288246","30.16","2492","20210507"
"TRENT","752.75","764.39","513294","34.67","1360","20210507"
"METROPOLIS","2275.65","2295.93","66702","37.73","577","20210507"
"BATAINDIA","1351.35","1352.37","137761","29.52","549","20210507"
"RELAXO","881.8","894.14","103601","45.72","423","20210507"
"JSWISPL","58.4","58.4","460460","100.0","268","20210507"
"ICICIGOLD","42.3","42.36","656201","95.02","264","20210507"
"EBBETF0431","1034.03","1034.45","25670","96.67","256","20210507"
"NH","412.0","411.27","118634","51.82","252","20210507"
"ICICIB22","36.52","36.4","746579","91.11","247","20210507"
"EKC","125.4","125.4","164735","100.0","206","20210507"
"ICICILIQ","999.99","1000.0","20556","99.35","204","20210507"
"EBBETF0430","1155.4","1154.81","12409","98.27","140","20210507"
"INFY","1339.55","1341.13","7195348","65.12","62843","20210510"
"HDFC","2531.35","2541.34","4289915","56.24","61318","20210510"
"RELIANCE","1926.2","1932.02","6433879","46.58","57896","20210510"
"TATASTEEL","1216.35","1214.33","28080884","15.23","51949","20210510"
"HDFCBANK","1419.85","1419.86","5530025","54.0","42403","20210510"
"TCS","3145.5","3145.94","2137153","58.87","39579","20210510"
"SBIN","361.7","362.87","41739324","24.85","37643","20210510"
"SAIL","146.3","147.29","114303952","22.16","37314","20210510"
"TATAMOTORS","314.85","310.52","53260388","20.73","34291","20210510"
"BHEL","65.65","62.91","258968781","20.7","33729","20210510"
"ICICIBANK","613.25","614.42","12060808","44.6","33050","20210510"
"HINDALCO","425.75","417.55","39516234","19.27","31801","20210510"
"LT","1395.0","1380.55","3929224","52.28","28360","20210510"
"BAJFINANCE","5497.5","5495.43","1997339","22.46","24655","20210510"
"NATIONALUM","81.5","79.12","99413238","31.24","24569","20210510"
"WIPRO","525.95","521.17","12544472","35.06","22919","20210510"
"COFORGE","3222.1","3242.47","2405760","28.96","22590","20210510"
"AXISBANK","715.25","718.72","7980462","37.96","21770","20210510"
"ULTRACEMCO","6403.1","6403.05","872011","28.79","16073","20210510"
"PNB","35.6","35.81","175653730","24.94","15689","20210510"
"MOTHERSUMI","234.7","229.0","21919884","31.25","15684","20210510"
"MARUTI","6764.0","6738.56","541534","42.94","15668","20210510"
"KOTAKBANK","1809.35","1803.52","1332490","47.78","11482","20210510"
"IDFCFIRSTB","55.35","55.77","49348021","36.97","10174","20210510"
"BAJAJFINSV","11332.0","11410.87","432037","19.18","9453","20210510"
"YESBANK","13.1","13.16","113970494","49.63","7443","20210510"
"M&M","780.45","778.62","2095644","38.62","6301","20210510"
"DMART","2852.45","2886.85","771218","27.81","6190","20210510"
"APOLLOHOSP","3323.7","3312.17","627199","27.91","5798","20210510"
"CPSEETF","24.72","24.5","24683975","94.6","5720","20210510"
"LALPATHLAB","2894.35","2892.34","415216","44.19","5306","20210510"
"SOUTHBANK","10.25","10.01","148086659","29.73","4406","20210510"
"IDEA","8.2","8.14","173571300","30.16","4261","20210510"
"MUTHOOTFIN","1222.95","1219.8","941440","31.04","3564","20210510"
"ICICITECH","263.78","262.83","909634","89.54","2140","20210510"
"JPASSOCIAT","8.25","7.94","75541170","32.71","1962","20210510"
"METROPOLIS","2281.35","2313.11","118657","65.85","1807","20210510"
"RELAXO","895.9","890.81","251499","80.5","1803","20210510"
"BATAINDIA","1348.55","1351.37","278032","43.37","1629","20210510"
"JPPOWER","3.3","3.22","72492375","54.46","1271","20210510"
"RPOWER","6.65","6.65","11619097","99.94","772","20210510"
"ICICILIQ","999.58","999.7","59213","98.32","582","20210510"
"TRENT","747.75","753.81","434021","17.67","577","20210510"
"JKCEMENT","2798.55","2792.48","24366","82.61","562","20210510"
"RENUKA","12.8","12.8","3680085","99.86","470","20210510"
"ICICIB22","37.48","37.19","1123217","93.76","391","20210510"
"NH","405.45","409.13","134055","65.13","357","20210510"
"ZUARIGLOB","82.05","81.25","393281","87.19","278","20210510"
"EBBETF0430","1151.8","1151.56","24701","96.38","274","20210510"
"JSWISPL","61.3","61.3","438056","100.0","268","20210510"
"TATASTEEL","1233.9","1217.71","41108381","21.63","108294","20210511"
"HDFCBANK","1403.55","1408.24","7259517","59.78","61111","20210511"
"HDFC","2464.2","2468.83","3728419","64.4","59281","20210511"
"RELIANCE","1933.15","1929.4","6220217","48.8","58567","20210511"
"INFY","1330.65","1330.0","6420988","64.21","54830","20210511"
"TCS","3122.6","3111.04","2415625","61.47","46193","20210511"
"AXISBANK","707.35","708.03","12736700","47.67","42985","20210511"
"BHEL","73.45","71.21","510138918","10.64","38663","20210511"
"ICICIBANK","609.85","608.18","13818480","42.36","35602","20210511"
"SBIN","364.65","362.8","41892770","21.6","32835","20210511"
"PNB","35.05","34.63","231689524","35.7","28646","20210511"
"KOTAKBANK","1755.45","1765.81","2955976","54.41","28398","20210511"
"TATAMOTORS","315.55","316.17","58472304","14.94","27615","20210511"
"SAIL","140.4","141.15","117184978","15.29","25295","20210511"
"IOC","103.7","102.94","76907792","31.58","25002","20210511"
"ULTRACEMCO","6490.6","6527.13","1139377","33.57","24963","20210511"
"JSWSTEEL","734.25","741.4","16277517","18.35","22150","20210511"
"BAJFINANCE","5424.7","5423.67","1617248","18.66","16369","20210511"
"M&M","776.0","772.58","2938331","42.36","9616","20210511"
"MARUTI","6736.65","6709.69","406046","32.26","8787","20210511"
"CPSEETF","25.53","25.11","35790562","90.88","8167","20210511"
"MOTHERSUMI","233.15","235.28","16809016","20.42","8074","20210511"
"APOLLOHOSP","3258.2","3277.53","670759","33.97","7468","20210511"
"IDFCFIRSTB","56.25","55.56","39068191","34.1","7402","20210511"
"YESBANK","13.15","13.18","141571542","37.35","6969","20210511"
"RPOWER","7.3","7.14","172976218","47.23","5832","20210511"
"SUZLON","6.15","6.06","189569965","38.97","4477","20210511"
"BAJAJFINSV","11193.05","11226.32","198664","18.36","4094","20210511"
"SOUTHBANK","10.6","10.44","141579498","26.46","3911","20210511"
"DMART","2850.55","2856.03","323511","36.93","3411","20210511"
"IDEA","8.1","8.12","86024008","48.33","3375","20210511"
"LALPATHLAB","2833.15","2857.59","220247","43.04","2708","20210511"
"JKCEMENT","2776.7","2774.93","98407","87.12","2379","20210511"
"QUESS","639.85","644.47","361385","93.12","2168","20210511"
"MUTHOOTFIN","1197.95","1206.54","539855","31.64","2060","20210511"
"TRENT","763.2","761.74","823028","30.97","1941","20210511"
"METROPOLIS","2304.85","2300.48","107017","70.63","1738","20210511"
"JPPOWER","3.6","3.49","78524438","60.34","1653","20210511"
"BATAINDIA","1368.45","1360.65","307160","25.37","1060","20210511"
"GTPL","139.0","140.06","620617","93.19","810","20210511"
"NH","407.25","408.39","161512","57.31","378","20210511"
"ICICILIQ","999.99","999.99","32910","98.26","323","20210511"
"RELAXO","892.55","896.98","99054","36.09","320","20210511"
"NETFMID150","94.92","94.79","290768","94.89","261","20210511"
"RENUKA","13.4","13.4","1887595","100.0","252","20210511"
"NETFSDL26","102.82","102.78","245145","100.0","251","20210511"
"KANORICHEM","128.2","126.22","146047","93.0","171","20210511"
"ICICITECH","263.17","262.61","60378","97.48","154","20210511"
"GODREJCP","872.85","865.11","27379767","25.47","60324","20210512"
"TATASTEEL","1179.15","1212.56","30889192","15.19","56909","20210512"
"HDFCBANK","1399.5","1398.25","6887463","57.1","54993","20210512"
"RELIANCE","1913.15","1915.34","6081627","45.4","52878","20210512"
"TATAMOTORS","326.0","326.37","111584920","11.87","43224","20210512"
"HDFC","2438.7","2426.2","3168128","50.87","39100","20210512"
"INFY","1327.0","1323.46","5241898","55.97","38829","20210512"
"SBIN","367.7","368.18","53436590","19.62","38608","20210512"
"TCS","3087.6","3086.76","1978558","61.65","37648","20210512"
"ICICIBANK","594.75","599.08","14785569","40.75","36098","20210512"
"PNB","37.1","37.15","345869236","27.89","35834","20210512"
"BHEL","71.4","73.42","347503495","12.1","30879","20210512"
"KOTAKBANK","1718.85","1724.91","3181830","53.85","29553","20210512"
"BEL","146.85","151.38","45341627","40.55","27832","20210512"
"HINDUNILVR","2328.95","2341.16","2053932","57.75","27771","20210512"
"AXISBANK","691.3","695.77","10856584","34.9","26366","20210512"
"SAIL","132.2","136.55","95677126","19.26","25162","20210512"
"MARUTI","6817.55","6771.29","770204","40.49","21115","20210512"
"BANKBARODA","77.4","77.61","128513179","18.89","18838","20210512"
"BAJFINANCE","5358.4","5384.0","1539336","17.74","14698","20210512"
"M&M","759.7","760.31","3480378","42.19","11165","20210512"
"IDEA","8.8","8.8","397884076","31.36","10979","20210512"
"APOLLOHOSP","3196.75","3213.63","703372","44.73","10111","20210512"
"RPOWER","6.95","7.21","292590749","41.01","8651","20210512"
"MOTHERSUMI","235.9","236.82","17191799","19.18","7810","20210512"
"YESBANK","13.3","13.39","159663998","31.72","6780","20210512"
"ULTRACEMCO","6388.85","6428.37","392657","22.73","5736","20210512"
"IDFCFIRSTB","55.2","55.87","32240853","29.18","5256","20210512"
"SOUTHBANK","11.3","11.1","97200729","44.4","4789","20210512"
"BAJAJFINSV","11087.95","11158.59","226953","14.87","3766","20210512"
"DMART","2856.15","2852.49","246319","47.05","3305","20210512"
"BAJAJHLDNG","3548.6","3542.22","90657","92.65","2975","20210512"
"JPPOWER","3.95","3.87","193633095","38.04","2850","20210512"
"MUTHOOTFIN","1169.1","1175.65","590285","39.5","2740","20210512"
"LALPATHLAB","2769.5","2792.72","284149","30.71","2437","20210512"
"METROPOLIS","2368.85","2401.9","201961","40.54","1966","20210512"
"BATAINDIA","1348.75","1357.02","592187","22.44","1803","20210512"
"QUESS","643.2","641.23","245315","88.4","1390","20210512"
"TRENT","770.1","770.13","414426","34.08","1087","20210512"
"SCHAEFFLER","4969.55","4950.22","18017","92.25","822","20210512"
"TVTODAY","278.5","282.86","269827","90.37","689","20210512"
"NH","411.55","411.1","167986","62.48","431","20210512"
"MMFL","460.45","457.38","79987","91.46","334","20210512"
"RELAXO","898.3","897.79","68563","48.06","295","20210512"
"ICICILOVOL","121.02","121.35","258207","92.15","288","20210512"
"ICICILIQ","999.99","999.99","27720","96.55","267","20210512"
"JKCEMENT","2776.25","2777.1","16170","59.02","265","20210512"
"NETFSDL26","102.9","102.9","245101","100.0","252","20210512"
"RENUKA","14.05","14.05","1747160","100.0","245","20210512"
"TATASTEEL","1132.1","1143.25","37648032","16.52","71109","20210514"
"ASIANPAINT","2774.5","2767.41","10543708","18.0","52527","20210514"
"CIPLA","904.05","909.84","15048471","32.2","44085","20210514"
"RELIANCE","1937.3","1925.2","6134079","35.91","42402","20210514"
"SBIN","360.45","365.59","51722170","21.3","40284","20210514"
"HDFCBANK","1386.85","1388.69","5302071","54.29","39973","20210514"
"TCS","3051.5","3051.89","2043935","62.7","39111","20210514"
"JINDALSTEL","417.3","417.16","53810900","16.73","37552","20210514"
"ITC","212.25","210.46","61647120","28.81","37373","20210514"
"INFY","1316.4","1316.25","4824609","55.57","35285","20210514"
"HINDALCO","382.8","381.87","41384078","22.01","34785","20210514"
"TATAMOTORS","312.25","318.19","81305325","13.18","34103","20210514"
"KOTAKBANK","1706.65","1712.93","2937892","65.95","33187","20210514"
"HDFC","2422.0","2420.55","2254726","56.29","30719","20210514"
"SAIL","127.15","128.47","147648853","15.13","28708","20210514"
"ICICIBANK","597.3","597.2","12675754","37.14","28115","20210514"
"HCLTECH","910.35","903.96","5184569","59.58","27922","20210514"
"AXISBANK","685.0","690.01","9377968","33.95","21971","20210514"
"MARUTI","6736.4","6745.87","647029","46.75","20406","20210514"
"BHEL","68.0","69.64","162636270","15.96","18075","20210514"
"M&M","741.5","744.74","4984389","48.5","18002","20210514"
"PNB","36.8","37.38","185587845","23.85","16548","20210514"
"BANKBARODA","74.0","75.92","86863950","21.23","13998","20210514"
"NATIONALUM","71.35","71.85","88077275","21.89","13851","20210514"
"LIQUIDBEES","1000.0","1000.01","1476182","90.98","13430","20210514"
"BAJAJFINSV","10971.5","10975.68","313603","33.17","11415","20210514"
"APOLLOHOSP","3140.95","3145.99","842794","41.17","10915","20210514"
"BAJFINANCE","5330.35","5318.16","1525762","12.99","10537","20210514"
"ULTRACEMCO","6368.1","6352.29","405281","32.11","8265","20210514"
"YESBANK","13.2","13.27","85666983","42.27","4805","20210514"
"MOTHERSUMI","228.45","231.85","8930101","21.66","4483","20210514"
"IDEA","8.65","8.75","171516548","29.5","4426","20210514"
"GOLDBEES","41.49","41.46","9842362","88.57","3614","20210514"
"IDFCFIRSTB","54.2","54.57","23847158","27.61","3592","20210514"
"DMART","2844.65","2848.84","227259","52.89","3424","20210514"
"RPOWER","6.8","6.86","108015150","45.14","3344","20210514"
"BATAINDIA","1386.9","1374.84","875685","20.64","2485","20210514"
"LALPATHLAB","2719.45","2749.1","246373","35.95","2434","20210514"
"MUTHOOTFIN","1167.95","1165.07","600997","34.72","2431","20210514"
"JKCEMENT","2760.05","2763.77","95213","88.26","2322","20210514"
"PDSMFL","717.0","700.7","281854","95.77","1891","20210514"
"YAARII","90.15","91.03","2203706","93.59","1877","20210514"
"JPPOWER","3.9","3.98","142130225","33.05","1869","20210514"
"NH","433.75","436.56","1101454","27.89","1340","20210514"
"RELAXO","925.4","924.56","402818","33.16","1234","20210514"
"N100","962.73","960.47","130744","94.54","1187","20210514"
"TRENT","772.6","773.92","541416","24.69","1034","20210514"
"TVTODAY","278.1","280.25","303478","88.35","751","20210514"
"SUNCLAYLTD","3103.05","3109.93","23654","90.86","668","20210514"
"EBBETF0430","1153.99","1153.25","54853","92.34","584","20210514"
"METROPOLIS","2333.65","2335.14","41636","41.41","402","20210514"
"ICICITECH","257.28","257.54","60198","90.88","140","20210514"
"SBIN","383.1","376.9","106555796","25.31","101657","20210517"
"HDFC","2486.45","2462.78","4452603","63.7","69856","20210517"
"HDFCBANK","1440.25","1421.89","7560346","52.84","56805","20210517"
"TCS","3069.75","3054.41","2890462","60.88","53753","20210517"
"TATASTEEL","1150.85","1128.94","28753430","15.63","50752","20210517"
"LT","1386.75","1392.51","9620003","37.23","49871","20210517"
"ICICIBANK","623.6","616.4","20453101","39.42","49693","20210517"
"KOTAKBANK","1744.15","1738.13","4211441","61.83","45258","20210517"
"MARUTI","6717.85","6764.44","995827","63.28","42624","20210517"
"HCLTECH","922.15","921.02","7956551","57.11","41851","20210517"
"RELIANCE","1960.35","1950.25","5479424","36.63","39139","20210517"
"INFY","1329.4","1329.34","5017129","56.66","37792","20210517"
"AXISBANK","709.25","701.13","12099197","42.52","36072","20210517"
"BAJFINANCE","5430.1","5418.03","2411583","25.31","33068","20210517"
"CIPLA","881.2","881.02","14122085","24.84","30907","20210517"
"BHARTIARTL","549.65","551.79","13424956","37.26","27600","20210517"
"JINDALSTEL","435.5","425.85","21659972","29.88","27565","20210517"
"SAIL","130.55","127.4","81100256","16.5","17048","20210517"
"BANKBARODA","77.1","76.41","73000338","27.12","15125","20210517"
"BHEL","71.25","69.24","119433001","14.76","12207","20210517"
"HFCL","42.55","41.27","124650991","23.11","11886","20210517"
"M&M","753.55","747.27","3479938","44.5","11570","20210517"
"PNB","37.65","37.49","108033820","26.88","10886","20210517"
"FEDERALBNK","81.55","80.93","97918564","13.64","10810","20210517"
"MOTHERSUMI","240.2","239.34","23953975","15.78","9049","20210517"
"APOLLOHOSP","3152.35","3150.08","847722","32.0","8545","20210517"
"ULTRACEMCO","6532.35","6476.29","357292","29.06","6724","20210517"
"BATAINDIA","1406.4","1409.66","2647921","17.64","6583","20210517"
"IDFCFIRSTB","55.8","55.29","32438231","33.11","5937","20210517"
"MUTHOOTFIN","1221.55","1217.57","2017066","23.87","5862","20210517"
"DMART","2898.7","2878.89","449529","44.39","5744","20210517"
"YESBANK","13.35","13.33","95074257","42.17","5344","20210517"
"LALPATHLAB","2751.85","2719.11","569999","27.21","4217","20210517"
"BAJAJFINSV","11249.35","11256.05","318021","11.39","4077","20210517"
"ADANIGREEN","1142.45","1142.45","268800","99.8","3064","20210517"
"IDEA","8.55","8.58","78204978","43.6","2925","20210517"
"TRENT","795.15","799.27","1956412","17.45","2728","20210517"
"JKCEMENT","2754.15","2755.75","87706","93.98","2271","20210517"
"MAHINDCIE","178.5","178.61","1180929","90.74","1913","20210517"
"RELAXO","909.5","916.94","346743","48.46","1540","20210517"
"SUNCLAYLTD","3099.75","3102.56","50865","91.79","1448","20210517"
"NH","446.4","449.45","564258","32.9","834","20210517"
"ICICITECH","257.33","257.35","286908","90.89","671","20210517"
"METROPOLIS","2306.9","2337.11","50517","55.57","656","20210517"
"EBBETF0423","1126.79","1126.01","51104","99.53","572","20210517"
"KOTAKNIFTY","155.68","155.25","126441","92.04","180","20210517"
"EBBETF0430","1155.45","1154.48","14074","90.41","146","20210517"
"TIPSINDLTD","846.7","845.62","16971","91.23","130","20210517"
"HDFCBANK","1476.7","1473.08","11082640","59.92","97825","20210518"
"BHARTIARTL","536.35","540.86","34324460","41.16","76412","20210518"
"AXISBANK","711.65","715.81","19519055","50.35","70348","20210518"
"TATASTEEL","1180.0","1180.26","24573880","21.42","62133","20210518"
"KOTAKBANK","1755.1","1757.0","4658414","72.62","59441","20210518"
"SBIN","382.25","385.07","70917710","20.75","56662","20210518"
"ICICIBANK","633.2","632.48","19242627","44.98","54747","20210518"
"INFY","1340.0","1338.06","5620150","63.23","47551","20210518"
"HDFC","2502.85","2504.55","2844233","58.48","41661","20210518"
"RELIANCE","1987.95","1987.92","5567958","35.07","38821","20210518"
"TATAMOTORS","332.45","331.11","86153088","13.21","37689","20210518"
"BAJFINANCE","5688.75","5639.16","3147883","20.92","37142","20210518"
"TCS","3088.8","3097.13","2098538","55.13","35828","20210518"
"ITC","210.05","211.35","30479551","51.71","33310","20210518"
"HCLTECH","931.6","933.07","5913426","52.54","28991","20210518"
"ATGL","1339.7","1324.54","3914732","55.12","28578","20210518"
"ADANIENT","1326.7","1313.87","6531595","32.6","27979","20210518"
"M&M","797.7","784.23","8634396","35.3","23900","20210518"
"SAIL","131.95","133.47","66676999","24.51","21810","20210518"
"MARUTI","6811.1","6798.4","805827","38.33","20998","20210518"
"FEDERALBNK","84.35","84.87","84550492","17.57","12605","20210518"
"ULTRACEMCO","6653.0","6624.48","451024","37.64","11245","20210518"
"BHEL","71.75","72.09","76124575","20.21","11092","20210518"
"PNB","37.35","37.7","91471489","29.73","10251","20210518"
"DMART","3056.3","3003.81","1022329","32.36","9937","20210518"
"MOTHERSUMI","242.25","244.47","16328735","22.8","9100","20210518"
"MUTHOOTFIN","1268.3","1261.43","2086320","33.53","8824","20210518"
"BAJAJFINSV","11396.8","11452.2","403959","18.48","8548","20210518"
"IDFCFIRSTB","56.05","56.43","43106124","31.94","7769","20210518"
"APOLLOHOSP","3163.5","3160.41","639445","35.56","7186","20210518"
"YESBANK","13.35","13.35","82571190","47.16","5198","20210518"
"BATAINDIA","1450.8","1436.22","944888","37.19","5046","20210518"
"TRENT","828.3","819.29","2275063","18.77","3498","20210518"
"3IINFOTECH","9.25","9.35","107190991","31.98","3205","20210518"
"LALPATHLAB","2796.35","2786.75","389732","26.72","2902","20210518"
"IDEA","8.55","8.6","70097530","39.58","2385","20210518"
"EQUITASBNK","55.5","55.72","3465775","94.87","1831","20210518"
"MAN50ETF","154.77","154.24","621379","99.46","953","20210518"
"JKCEMENT","2807.85","2776.21","47850","69.46","922","20210518"
"NH","427.75","433.47","299319","54.71","709","20210518"
"RELAXO","917.85","909.34","171986","44.79","700","20210518"
"ICICITECH","260.83","260.93","264565","95.16","656","20210518"
"KKCL","909.05","900.7","56864","97.59","499","20210518"
"METROPOLIS","2356.95","2343.63","37637","52.42","462","20210518"
"MAESGETF","25.64","25.65","1549774","99.44","395","20210518"
"MANXT50","365.36","364.32","53706","99.59","194","20210518"
"EBBETF0425","1045.81","1045.94","18281","98.44","188","20210518"
"NETFNIF100","157.33","156.56","101600","99.72","158","20210518"
"NAHARSPING","132.4","131.89","118533","90.65","141","20210518"
"TATAMOTORS","314.45","316.24","119407026","16.8","63432","20210519"
"TATASTEEL","1164.25","1171.83","17435026","27.65","56487","20210519"
"BHARTIARTL","528.2","531.4","19223054","52.83","53964","20210519"
"SBIN","384.4","385.63","48189573","28.13","52277","20210519"
"AXISBANK","716.8","713.66","20244016","35.12","50732","20210519"
"COFORGE","3277.75","3299.24","3480261","43.99","50504","20210519"
"RELIANCE","1997.05","1998.55","7530294","30.68","46169","20210519"
"ADANIENT","1294.7","1311.78","9925284","31.47","40976","20210519"
"HDFCBANK","1458.2","1463.16","5065458","53.84","39901","20210519"
"ICICIBANK","625.45","628.05","13911576","44.19","38613","20210519"
"TCS","3082.0","3095.03","1986041","62.64","38504","20210519"
"BAJFINANCE","5631.2","5648.15","2250906","22.57","28695","20210519"
"INFY","1337.0","1344.41","4435878","47.32","28222","20210519"
"ITC","207.75","208.6","24405319","54.39","27688","20210519"
"HDFC","2459.85","2481.22","2031903","52.59","26514","20210519"
"KOTAKBANK","1730.55","1736.15","2372042","60.73","25009","20210519"
"ATGL","1326.15","1321.72","2900348","62.54","23976","20210519"
"PNB","36.2","36.34","154514444","41.35","23216","20210519"
"BHEL","73.75","72.42","105322060","20.27","15457","20210519"
"LIQUIDBEES","999.99","999.99","1357122","92.55","12559","20210519"
"IOC","107.2","106.89","74174684","15.02","11909","20210519"
"ULTRACEMCO","6561.2","6665.67","475946","33.78","10717","20210519"
"MARUTI","6775.9","6796.41","432774","34.16","10046","20210519"
"DMART","3027.9","3043.81","683428","44.54","9265","20210519"
"M&M","784.8","784.33","4360320","26.64","9109","20210519"
"BANKBARODA","76.7","77.1","54818016","20.2","8538","20210519"
"APOLLOHOSP","3229.7","3206.8","711069","25.63","5844","20210519"
"HONAUT","42499.35","42507.66","12153","94.75","4894","20210519"
"YESBANK","13.3","13.3","87038860","40.75","4716","20210519"
"LALPATHLAB","2810.55","2826.72","467401","34.16","4513","20210519"
"MOTHERSUMI","242.65","242.17","9040629","18.86","4128","20210519"
"TRENT","819.45","833.25","1855576","24.58","3800","20210519"
"SIS","396.7","395.61","990524","90.82","3558","20210519"
"BATAINDIA","1474.85","1478.87","1340980","16.09","3191","20210519"
"IDEA","8.45","8.53","87317836","41.96","3125","20210519"
"BAJAJFINSV","11215.15","11269.66","227567","12.16","3118","20210519"
"MUTHOOTFIN","1264.45","1266.72","624657","38.2","3022","20210519"
"RPOWER","7.0","7.1","100621785","41.6","2972","20210519"
"RELAXO","1011.95","990.63","2137537","13.86","2935","20210519"
"IDFCFIRSTB","55.55","55.7","18399737","28.51","2921","20210519"
"3IINFOTECH","8.8","8.88","69560776","37.09","2291","20210519"
"N100","951.29","952.06","240246","88.49","2024","20210519"
"JKCEMENT","2846.2","2864.15","69240","77.93","1545","20210519"
"METROPOLIS","2318.5","2330.11","71715","80.9","1351","20210519"
"SUNCLAYLTD","3081.6","3098.3","24739","92.4","708","20210519"
"MAFANG","46.18","46.59","807266","87.23","328","20210519"
"NH","439.25","437.48","182088","31.12","247","20210519"
"NAHARSPING","139.0","138.2","183097","89.1","225","20210519"
"THOMASCOOK","52.6","52.6","336267","97.9","173","20210519"
"KOTAKNIFTY","156.95","157.32","113733","92.38","165","20210519"
"TATASTEEL","1105.05","1113.32","28446253","24.21","76658","20210520"
"AXISBANK","705.9","710.01","18840413","53.37","71398","20210520"
"SBIN","384.55","384.42","42898608","29.54","48710","20210520"
"TCS","3060.0","3065.96","2329027","64.93","46367","20210520"
"RELIANCE","1985.4","1991.75","5271497","41.27","43336","20210520"
"PNB","37.5","37.18","339156585","33.26","41934","20210520"
"JINDALSTEL","401.05","404.55","35292844","27.45","39195","20210520"
"BHARTIARTL","520.65","523.54","13777903","53.46","38559","20210520"
"HDFCBANK","1432.8","1447.31","5342092","47.57","36782","20210520"
"ICICIBANK","618.6","625.27","13900762","40.23","34964","20210520"
"INFY","1339.3","1340.8","4490092","57.59","34668","20210520"
"CIPLA","924.2","919.71","12378690","30.13","34297","20210520"
"HINDALCO","385.2","387.15","30689219","27.9","33145","20210520"
"M&M","803.25","801.4","10092542","38.61","31231","20210520"
"ATGL","1335.8","1324.84","3580360","65.28","30962","20210520"
"HDFC","2445.0","2462.3","2551577","47.33","29737","20210520"
"HCLTECH","924.4","925.34","4753782","67.14","29533","20210520"
"BHEL","72.55","75.15","241049864","14.68","26587","20210520"
"KOTAKBANK","1708.2","1717.4","2598038","58.99","26318","20210520"
"SAIL","121.45","123.41","59942600","33.96","25120","20210520"
"BAJFINANCE","5588.75","5594.05","1488827","25.9","21571","20210520"
"IBULHSGFIN","209.25","206.03","78804626","13.23","21477","20210520"
"MARUTI","6737.85","6765.64","470476","44.17","14060","20210520"
"BANKBARODA","76.5","76.65","57767243","26.99","11952","20210520"
"TV18BRDCST","39.6","42.05","84360058","29.86","10593","20210520"
"MAXHEALTH","225.1","226.42","4868651","82.63","9109","20210520"
"MOTHERSUMI","238.9","239.35","12148975","29.21","8492","20210520"
"APOLLOHOSP","3219.95","3239.3","752076","32.63","7949","20210520"
"DMART","3026.6","3027.48","352477","56.92","6074","20210520"
"DALBHARAT","1814.65","1811.61","355141","88.47","5691","20210520"
"YESBANK","13.25","13.26","75911849","38.87","3913","20210520"
"BLUESTARCO","803.3","803.26","485096","93.37","3638","20210520"
"ULTRACEMCO","6573.85","6582.75","256088","21.39","3605","20210520"
"MUTHOOTFIN","1263.15","1277.67","1351888","19.44","3358","20210520"
"IDFCFIRSTB","55.15","55.45","17218573","26.77","2556","20210520"
"IDEA","8.4","8.4","67889823","41.47","2364","20210520"
"BAJAJFINSV","11227.9","11222.55","177897","9.38","1872","20210520"
"3IINFOTECH","8.7","8.74","68349600","29.68","1773","20210520"
"LALPATHLAB","2854.95","2839.75","287176","19.73","1609","20210520"
"EMAMILTD","499.95","503.52","345924","87.14","1517","20210520"
"RELAXO","1030.15","1027.58","1746924","7.79","1397","20210520"
"TRENT","811.6","816.86","556669","27.9","1268","20210520"
"BATAINDIA","1473.95","1469.23","443297","17.28","1125","20210520"
"VAKRANGEE","48.9","49.43","2453662","82.84","1004","20210520"
"TVSSRICHAK","1922.75","1922.51","35650","84.35","578","20210520"
"METROPOLIS","2295.1","2305.37","46589","47.9","514","20210520"
"SUNCLAYLTD","3101.05","3100.65","17778","91.68","505","20210520"
"NH","440.1","443.24","416281","24.12","445","20210520"
"JKCEMENT","2902.8","2892.76","26938","53.33","415","20210520"
"CAPACITE","203.0","202.97","122225","82.27","204","20210520"
"RAJRATAN","1018.95","1025.95","17434","86.58","154","20210520"
"SBIN","401.2","393.52","192810772","17.16","130195","20210521"
"ICICIBANK","642.45","636.26","23975898","39.7","60560","20210521"
"HDFCBANK","1497.3","1477.34","9670823","38.09","54416","20210521"
"AXISBANK","730.9","721.17","15883692","43.12","49390","20210521"
"ATGL","1338.7","1344.15","6674625","54.79","49158","20210521"
"INFY","1354.5","1351.75","4969733","66.26","44509","20210521"
"KOTAKBANK","1757.65","1741.29","4293112","52.48","39228","20210521"
"RELIANCE","2002.55","1999.87","4977555","38.37","38195","20210521"
"ADANIENT","1315.1","1315.58","8314215","32.06","35070","20210521"
"HDFC","2518.05","2499.81","2711607","49.89","33818","20210521"
"TCS","3080.5","3075.95","1685566","64.39","33383","20210521"
"ADANITRANS","1453.85","1453.85","4156347","54.52","32943","20210521"
"TATASTEEL","1113.1","1115.07","14104926","20.89","32862","20210521"
"HEROMOTOCO","2884.4","2872.33","1658538","67.23","32025","20210521"
"BANKBARODA","80.8","79.22","136879510","28.11","30476","20210521"
"INDUSINDBK","1016.0","1008.4","12591860","23.18","29429","20210521"
"ZEEL","190.7","193.89","36903604","34.41","24624","20210521"
"M&M","818.95","814.13","5721630","42.64","19862","20210521"
"PNB","38.05","37.97","178307284","28.76","19471","20210521"
"BAJFINANCE","5631.75","5642.74","1856966","18.23","19105","20210521"
"HFCL","49.1","48.7","107540579","25.71","13465","20210521"
"MARUTI","6814.65","6796.16","434363","41.41","12224","20210521"
"IDFCFIRSTB","57.25","56.46","52428351","40.88","12100","20210521"
"BHEL","72.2","72.69","63713770","20.44","9466","20210521"
"LIQUIDBEES","1000.0","1000.0","1008416","83.78","8448","20210521"
"MOTHERSUMI","245.45","244.97","12477007","26.91","8225","20210521"
"BAJAJFINSV","11265.15","11301.83","277521","24.86","7796","20210521"
"APOLLOHOSP","3247.75","3245.04","471439","46.38","7095","20210521"
"ULTRACEMCO","6637.6","6638.07","307027","34.75","7082","20210521"
"DMART","3034.15","3042.66","375397","47.05","5374","20210521"
"YESBANK","13.35","13.32","112270395","35.28","5276","20210521"
"IDEA","8.55","8.58","134046773","39.54","4547","20210521"
"SOUTHBANK","11.1","11.41","108245515","34.27","4233","20210521"
"PHOENIXLTD","732.65","732.97","561503","85.25","3508","20210521"
"LALPATHLAB","2830.9","2865.06","482846","20.13","2784","20210521"
"MUTHOOTFIN","1265.2","1267.24","579488","34.11","2505","20210521"
"BATAINDIA","1484.65","1490.66","938434","15.53","2172","20210521"
"JKCEMENT","2916.25","2944.54","109207","67.53","2171","20210521"
"RPOWER","7.15","7.13","62671887","42.32","1891","20210521"
"TRENT","826.85","821.58","806206","26.01","1722","20210521"
"RELAXO","1035.25","1046.6","846176","17.6","1558","20210521"
"NH","436.4","438.55","193096","68.72","581","20210521"
"METROPOLIS","2283.3","2312.91","47830","38.2","422","20210521"
"MCLEODRUSS","27.4","27.34","1580388","90.42","390","20210521"
"MATRIMONY","895.4","895.8","47199","83.85","354","20210521"
"CPSEETF","25.05","25.09","1640392","83.3","342","20210521"
"JSWISPL","50.9","50.9","600704","100.0","305","20210521"
"KOTAKBKETF","348.11","342.75","82997","82.62","235","20210521"
"EBBETF0430","1155.96","1156.27","20997","92.07","223","20210521"
"ANANTRAJ","58.1","58.1","334496","100.0","194","20210521"
"SBIN","412.05","411.75","142964052","28.91","170180","20210524"
"HDFCBANK","1509.95","1510.77","11073051","43.18","72230","20210524"
"TATASTEEL","1092.0","1093.18","18923842","20.81","43057","20210524"
"ICICIBANK","647.35","645.5","20323003","32.72","42927","20210524"
"ADANIENT","1306.8","1317.75","7913411","40.55","42287","20210524"
"BRITANNIA","3379.1","3389.05","1643611","69.88","38926","20210524"
"KOTAKBANK","1757.0","1757.75","3613907","60.14","38202","20210524"
"INFY","1348.05","1352.41","4225371","64.33","36761","20210524"
"ATGL","1324.2","1326.61","4487176","59.15","35209","20210524"
"HDFC","2540.9","2545.15","2655396","51.08","34522","20210524"
"AXISBANK","741.15","737.32","15716900","29.78","34506","20210524"
"ITC","211.5","209.99","28865798","56.72","34380","20210524"
"ADANITRANS","1526.5","1506.41","3473556","60.97","31901","20210524"
"RELIANCE","1985.65","1994.09","3946636","40.53","31893","20210524"
"PNB","39.8","39.45","277203783","29.16","31892","20210524"
"NATCOPHARM","1083.15","1103.71","7891527","34.91","30406","20210524"
"TCS","3081.5","3089.42","1652260","54.28","27704","20210524"
"SAIL","124.75","121.71","96749599","21.98","25878","20210524"
"IOC","109.45","107.89","83199043","27.99","25123","20210524"
"BANKBARODA","81.35","81.78","129796622","23.07","24491","20210524"
"MARUTI","6871.6","6904.36","1027484","30.03","21307","20210524"
"WHIRLPOOL","2150.55","2147.79","997657","92.25","19766","20210524"
"IDFCFIRSTB","59.25","58.63","91370325","29.36","15729","20210524"
"YESBANK","13.85","13.76","300924526","31.44","13018","20210524"
"M&M","810.0","812.83","3495533","45.58","12949","20210524"
"MOTHERSUMI","240.5","242.07","13720401","30.72","10203","20210524"
"BAJFINANCE","5602.9","5625.89","1215060","14.3","9773","20210524"
"APOLLOHOSP","3261.1","3266.22","611909","43.96","8785","20210524"
"BHEL","72.45","72.45","62656781","17.52","7952","20210524"
"ULTRACEMCO","6562.4","6575.95","288501","37.05","7029","20210524"
"BAJAJFINSV","11166.8","11205.39","214229","21.28","5107","20210524"
"IIFLWAM","1197.3","1193.67","438841","93.26","4885","20210524"
"MUTHOOTFIN","1268.05","1259.42","952156","39.38","4722","20210524"
"LALPATHLAB","2784.45","2771.3","502718","23.98","3341","20210524"
"DMART","3040.45","3039.91","236828","36.25","2609","20210524"
"IDEA","8.6","8.61","90310531","31.13","2420","20210524"
"BATAINDIA","1512.45","1507.84","523803","30.42","2402","20210524"
"HATSUN","853.15","859.63","249810","92.14","1978","20210524"
"NH","435.2","433.66","360808","75.87","1187","20210524"
"TRENT","809.75","819.67","684641","19.26","1081","20210524"
"CREDITACC","618.45","613.15","200218","87.95","1079","20210524"
"ICICITECH","262.13","262.43","402829","95.75","1012","20210524"
"RELAXO","1032.2","1025.15","235475","31.64","763","20210524"
"GET&D","120.0","120.42","686685","87.62","724","20210524"
"CPSEETF","25.24","25.21","2873875","89.44","647","20210524"
"ICICIB22","38.79","38.63","1410339","88.39","481","20210524"
"METROPOLIS","2339.4","2317.96","40347","48.14","450","20210524"
"JKCEMENT","2927.3","2931.77","25785","57.93","437","20210524"
"RUCHI","1073.2","1073.2","28376","100.0","304","20210524"
"AMARAJABAT","733.6","745.0","39123250","45.78","133440","20210525"
"RELIANCE","1963.15","1974.34","6821015","59.24","79772","20210525"
"HDFCBANK","1478.95","1483.97","9618487","49.19","70215","20210525"
"SBIN","412.35","411.05","56048127","26.21","60387","20210525"
"HDFC","2530.5","2547.7","2641950","60.01","40392","20210525"
"ICICIBANK","650.3","647.65","14884778","39.07","37659","20210525"
"INFY","1361.6","1361.92","4099340","61.56","34370","20210525"
"TATASTEEL","1105.2","1111.75","18113752","16.41","33046","20210525"
"AXISBANK","731.55","733.84","11344261","38.46","32017","20210525"
"SAIL","123.95","125.97","91822284","24.58","28429","20210525"
"BRITANNIA","3439.5","3426.24","1318946","62.66","28314","20210525"
"TCS","3114.0","3111.62","1841613","48.99","28075","20210525"
"HCLTECH","940.6","940.33","5032874","59.03","27936","20210525"
"ITC","210.9","211.96","25334878","51.59","27702","20210525"
"BHARTIARTL","526.1","527.56","9239443","52.76","25717","20210525"
"CONCOR","668.1","656.23","19646926","18.34","23649","20210525"
"ATGL","1294.4","1299.88","2703660","61.15","21489","20210525"
"UNIONBANK","35.0","35.61","98571030","54.99","19302","20210525"
"M&M","811.25","817.48","5044078","45.55","18781","20210525"
"BAJFINANCE","5618.65","5622.68","1315546","24.72","18286","20210525"
"PNB","39.35","39.67","163516340","27.27","17686","20210525"
"KOTAKBANK","1750.5","1753.03","2201625","45.64","17613","20210525"
"BHEL","74.5","73.8","87624494","21.2","13708","20210525"
"MARUTI","6911.8","6915.45","438736","34.93","10597","20210525"
"HFCL","48.95","48.0","64348156","30.36","9377","20210525"
"APOLLOHOSP","3199.65","3202.79","622276","41.38","8246","20210525"
"MOTHERSUMI","240.5","237.88","21208714","16.14","8142","20210525"
"DISHTV","15.4","14.65","133998540","38.4","7537","20210525"
"IDFCFIRSTB","58.95","59.01","43542130","28.24","7255","20210525"
"BAJAJFINSV","11375.85","11342.68","394151","12.95","5790","20210525"
"YESBANK","13.6","13.63","86120404","39.52","4638","20210525"
"BATAINDIA","1531.0","1535.33","961693","28.96","4275","20210525"
"BAJAJHLDNG","3560.1","3557.39","130069","90.25","4175","20210525"
"DMART","3103.85","3100.74","455042","29.01","4093","20210525"
"ULTRACEMCO","6556.6","6576.71","176134","31.12","3604","20210525"
"MUTHOOTFIN","1260.9","1265.57","624138","39.86","3148","20210525"
"RPOWER","7.85","7.83","118624245","32.32","3002","20210525"
"IDEA","8.55","8.54","81688375","35.8","2497","20210525"
"NH","431.7","433.83","602626","88.23","2306","20210525"
"TRENT","824.65","820.03","720336","36.68","2166","20210525"
"RELAXO","1099.15","1078.54","958136","17.48","1806","20210525"
"LALPATHLAB","2773.05","2778.27","210873","28.03","1642","20210525"
"ZYDUSWELL","2116.75","2114.05","74343","87.22","1370","20210525"
"CRISIL","1910.25","1910.01","56499","85.85","926","20210525"
"METROPOLIS","2329.15","2353.65","57941","37.58","512","20210525"
"JKCEMENT","2867.9","2884.1","25619","61.1","451","20210525"
"MAJESCO","76.2","76.29","459440","85.1","298","20210525"
"NETFMID150","97.42","97.64","294692","89.65","257","20210525"
"ICICIB22","38.85","38.91","701905","83.16","227","20210525"
"PUNJABCHEM","1155.95","1166.67","21954","87.79","224","20210525"
"EBBETF0430","1157.37","1157.48","19729","92.0","210","20210525"
"INFY","1397.25","1386.91","6850024","51.9","49310","20210526"
"SBIN","413.55","415.44","52357719","19.11","41572","20210526"
"ICICIBANK","652.5","650.39","14487031","39.08","36819","20210526"
"TATASTEEL","1082.15","1082.72","15432703","21.94","36658","20210526"
"HDFCBANK","1477.05","1478.66","6141995","40.1","36416","20210526"
"TCS","3158.5","3143.41","1923753","48.71","29457","20210526"
"RELIANCE","1970.05","1972.33","3452113","42.07","28646","20210526"
"KOTAKBANK","1740.65","1746.03","2845100","54.75","27198","20210526"
"BAJFINANCE","5771.15","5720.16","2916746","15.63","26070","20210526"
"AXISBANK","735.1","736.9","9081086","36.7","24557","20210526"
"HDFC","2567.55","2554.28","1839397","50.81","23871","20210526"
"HCLTECH","945.8","941.45","5017674","49.75","23501","20210526"
"ITC","210.6","211.33","17576137","54.9","20393","20210526"
"SAIL","118.75","120.07","67141657","25.03","20178","20210526"
"JSWSTEEL","682.2","682.18","18721303","15.8","20178","20210526"
"LT","1472.9","1466.8","3230579","42.04","19920","20210526"
"BAJAJFINSV","11906.4","11679.23","1015265","16.68","19778","20210526"
"MARUTI","7034.3","6996.06","691574","40.38","19538","20210526"
"PNB","39.25","39.62","155307751","26.03","16020","20210526"
"BHEL","72.5","73.76","81757007","21.2","12786","20210526"
"M&M","821.2","818.02","3084558","50.64","12777","20210526"
"MOTHERSUMI","233.95","240.74","19950995","25.9","12440","20210526"
"IDFCFIRSTB","57.8","58.34","42304492","34.86","8602","20210526"
"ULTRACEMCO","6580.9","6570.47","248015","47.58","7754","20210526"
"LIQUIDBEES","999.99","999.99","888050","86.42","7674","20210526"
"DISHTV","17.0","17.06","117374918","36.03","7215","20210526"
"YESBANK","13.45","13.52","110243035","29.35","4374","20210526"
"MUTHOOTFIN","1270.3","1280.14","1414370","20.19","3656","20210526"
"JPASSOCIAT","9.25","9.07","111852972","31.43","3189","20210526"
"DMART","3096.2","3104.99","284202","31.44","2774","20210526"
"APOLLOHOSP","3183.6","3192.38","260821","33.23","2766","20210526"
"APLAPOLLO","1249.25","1267.43","241171","90.35","2761","20210526"
"IDEA","8.55","8.54","74951767","33.17","2123","20210526"
"JPPOWER","4.05","4.0","99639177","52.82","2105","20210526"
"KAJARIACER","962.6","957.75","246380","87.86","2073","20210526"
"LALPATHLAB","2788.4","2787.27","222254","29.96","1855","20210526"
"BATAINDIA","1535.4","1535.62","511638","23.43","1841","20210526"
"VMART","2760.3","2820.46","64152","89.26","1615","20210526"
"QUESS","659.05","658.99","243716","88.41","1419","20210526"
"RELAXO","1101.8","1120.42","559530","14.89","933","20210526"
"TRENT","826.0","828.93","499153","18.95","783","20210526"
"EBBETF0425","1047.67","1047.63","39664","99.71","414","20210526"
"CPSEETF","24.85","25.07","1904332","86.42","412","20210526"
"JKCEMENT","2869.55","2862.74","20088","65.6","377","20210526"
"ICICIB22","38.66","38.83","963312","93.41","349","20210526"
"GTLINFRA","0.85","0.84","58047354","54.07","263","20210526"
"AXISBPSETF","10.14","10.14","2272199","99.9","230","20210526"
"METROPOLIS","2339.0","2341.51","18515","48.34","209","20210526"
"NH","430.75","432.6","66790","54.52","157","20210526"
"ADANITRANS","1439.8","1440.23","30440408","79.78","349754","20210527"
"HDFC","2508.85","2515.84","14119786","79.73","283241","20210527"
"ADANIENT","1325.8","1327.15","36690935","57.54","280179","20210527"
"ATGL","1354.2","1356.67","31734209","62.6","269497","20210527"
"SBICARD","1051.0","1048.16","22224051","68.86","160401","20210527"
"RELIANCE","1976.1","1977.57","12377100","63.48","155378","20210527"
"INFY","1402.25","1404.67","15365391","64.85","139961","20210527"
"BEL","148.55","148.58","120083069","77.92","139022","20210527"
"ZEEL","209.75","209.56","102639504","60.55","130232","20210527"
"CHOLAFIN","537.8","538.29","40407205","59.68","129798","20210527"
"TCS","3180.0","3189.1","5959785","62.64","119057","20210527"
"AXISBANK","750.35","746.18","23040846","57.86","99484","20210527"
"BPCL","467.85","476.15","51494404","38.23","93736","20210527"
"ICICIBANK","652.25","652.42","23349546","57.2","87142","20210527"
"SBIN","425.2","419.8","73392997","27.92","86036","20210527"
"BHARTIARTL","519.8","521.24","22363299","70.82","82557","20210527"
"WIPRO","540.9","539.19","29411126","48.79","77378","20210527"
"HDFCBANK","1482.65","1471.96","10219748","48.1","72359","20210527"
"ULTRACEMCO","6673.25","6671.58","1707144","60.45","68847","20210527"
"KOTAKBANK","1777.25","1762.28","5339988","56.68","53341","20210527"
"PNB","42.15","41.11","511815455","22.43","47190","20210527"
"BAJFINANCE","5682.2","5693.17","2152590","33.0","40438","20210527"
"M&M","828.6","827.24","6902630","65.75","37544","20210527"
"MARUTI","6968.9","6996.16","922091","55.11","35553","20210527"
"BANKBARODA","83.55","82.22","106192011","25.46","22225","20210527"
"APOLLOHOSP","3199.0","3200.11","1084157","62.31","21616","20210527"
"SAIL","122.25","121.86","76208352","21.97","20401","20210527"
"MOTHERSUMI","233.1","233.97","22582284","31.92","16862","20210527"
"YESBANK","13.4","13.43","211323869","51.78","14695","20210527"
"BAJAJFINSV","11888.8","11827.77","407973","28.93","13958","20210527"
"BHEL","73.3","73.18","72878541","21.41","11417","20210527"
"MUTHOOTFIN","1244.15","1244.69","1542074","46.18","8863","20210527"
"DMART","3025.5","3043.59","433634","57.13","7540","20210527"
"WHIRLPOOL","2163.25","2164.41","300686","91.59","5960","20210527"
"TRENT","828.1","827.35","940317","58.76","4571","20210527"
"LALPATHLAB","2783.15","2776.02","284065","55.72","4393","20210527"
"IDFCFIRSTB","57.9","57.84","28509870","25.89","4269","20210527"
"IDEA","8.45","8.5","110294218","35.78","3354","20210527"
"CENTURYPLY","405.4","408.15","720478","88.75","2609","20210527"
"BATAINDIA","1546.0","1546.66","607251","27.49","2581","20210527"
"JKCEMENT","2805.35","2833.61","65415","71.71","1329","20210527"
"RELAXO","1124.35","1097.79","380186","24.63","1028","20210527"
"PDSMFL","780.7","780.36","138552","90.67","980","20210527"
"NH","429.7","429.91","247177","84.59","898","20210527"
"METROPOLIS","2298.1","2312.41","55133","47.27","602","20210527"
"VAKRANGEE","42.65","42.65","1034688","99.97","441","20210527"
"BESTAGRO","285.65","281.08","149640","94.24","396","20210527"
"EBBETF0425","1047.5","1047.5","36754","99.97","384","20210527"
"RELCAPITAL","13.35","13.34","2892104","93.07","359","20210527"
"ICICIB22","38.89","38.82","894725","96.43","334","20210527"
"EBBETF0423","1132.08","1132.01","24075","99.91","272","20210527"
"RELIANCE","2094.8","2067.42","26060864","28.33","152654","20210528"
"SUNPHARMA","669.75","674.93","28316552","48.63","92947","20210528"
"HDFCBANK","1503.45","1495.6","8875010","59.67","79206","20210528"
"AXISBANK","739.85","746.17","17149692","50.91","65152","20210528"
"SBIN","422.05","426.46","65137568","22.45","62370","20210528"
"TATASTEEL","1103.5","1123.52","19208581","20.03","43228","20210528"
"HDFC","2541.35","2536.15","2548032","54.02","34910","20210528"
"ICICIBANK","643.05","647.57","14191446","37.05","34046","20210528"
"TCS","3143.6","3161.25","1763701","53.37","29757","20210528"
"INFY","1405.05","1406.44","4261312","49.14","29449","20210528"
"ITC","212.9","212.72","25597550","53.95","29376","20210528"
"CANBK","161.9","159.0","60544144","29.82","28710","20210528"
"KOTAKBANK","1800.75","1799.78","3247009","46.43","27130","20210528"
"PNB","42.25","41.9","335658662","16.96","23853","20210528"
"BHARTIARTL","523.6","524.41","10060110","43.91","23163","20210528"
"HCLTECH","942.55","943.91","4098094","56.93","22022","20210528"
"BPCL","471.5","473.87","14656852","30.55","21216","20210528"
"M&M","845.85","834.87","11638455","20.54","19954","20210528"
"SAIL","120.9","123.46","66359161","21.25","17412","20210528"
"BAJFINANCE","5610.75","5662.69","1526375","17.94","15509","20210528"
"LIQUIDBEES","1000.01","1000.01","1367967","96.88","13252","20210528"
"BANKBARODA","83.85","83.41","93311026","15.44","12020","20210528"
"IDFCFIRSTB","59.15","59.01","52746656","34.3","10676","20210528"
"MARUTI","6970.0","6978.71","393809","35.39","9726","20210528"
"MOTHERSUMI","235.25","234.97","9625747","41.87","9469","20210528"
"APOLLOHOSP","3149.35","3166.54","555829","45.48","8003","20210528"
"METROPOLIS","2524.15","2520.79","1598840","19.66","7924","20210528"
"IDEA","8.7","8.8","197270856","40.09","6958","20210528"
"RPOWER","8.25","8.47","181511695","43.51","6689","20210528"
"BAJAJFINSV","11713.2","11836.72","263315","19.41","6051","20210528"
"ULTRACEMCO","6598.5","6657.0","285093","28.73","5452","20210528"
"YESBANK","13.35","13.39","82458603","44.07","4865","20210528"
"DISHTV","15.9","16.3","65185354","43.71","4643","20210528"
"MUTHOOTFIN","1266.2","1260.68","688147","40.21","3488","20210528"
"DMART","3022.1","3058.34","345903","31.78","3361","20210528"
"NH","430.4","432.1","691718","86.22","2576","20210528"
"TRENT","826.6","838.02","905813","27.69","2101","20210528"
"NETFIT","27.33","27.29","7382404","97.41","1962","20210528"
"LALPATHLAB","2805.8","2818.64","281981","24.34","1934","20210528"
"RCOM","2.3","2.28","178847628","35.98","1466","20210528"
"IIFLWAM","1184.85","1185.28","121410","89.51","1288","20210528"
"BATAINDIA","1545.1","1545.65","270129","28.27","1180","20210528"
"RELAXO","1120.95","1123.86","234636","20.09","529","20210528"
"EBBETF0431","1041.97","1041.97","34059","99.43","352","20210528"
"VAKRANGEE","40.55","40.55","755485","100.0","306","20210528"
"LIQUIDETF","999.99","1000.0","32421","94.09","305","20210528"
"JKCEMENT","2808.2","2807.88","20284","52.91","301","20210528"
"ICRA","3159.15","3160.86","7703","86.85","211","20210528"
"ICICILOVOL","125.82","126.08","155880","95.28","187","20210528"
"RELIANCE","2160.3","2154.29","27285782","26.11","153500","20210531"
"ITC","216.6","216.76","73039531","45.11","71416","20210531"
"ICICIBANK","662.75","657.41","21786138","42.46","60812","20210531"
"HDFCBANK","1515.85","1507.21","7830527","47.8","56415","20210531"
"M&M","807.95","803.18","17596018","31.66","44746","20210531"
"HDFC","2552.85","2534.92","3221015","53.63","43785","20210531"
"SUNPHARMA","668.3","667.34","13947126","36.99","34430","20210531"
"INFY","1393.75","1393.13","4429904","53.56","33056","20210531"
"TATASTEEL","1125.65","1116.06","15428647","18.0","30990","20210531"
"SAIL","126.6","124.18","88316813","26.3","28846","20210531"
"BHARTIARTL","534.9","532.52","12567516","41.49","27764","20210531"
"AXISBANK","750.7","745.07","9275086","39.79","27497","20210531"
"SBIN","424.35","422.9","38291043","16.61","26898","20210531"
"ASIANPAINT","2977.5","2973.83","2093635","38.22","23795","20210531"
"TCS","3159.15","3155.52","1652799","44.25","23079","20210531"
"BANKBARODA","80.7","81.08","129974240","21.78","22956","20210531"
"MARUTI","7086.3","7046.96","718277","44.89","22721","20210531"
"BAJFINANCE","5627.95","5613.97","1795811","20.11","20277","20210531"
"KOTAKBANK","1807.7","1802.88","2310809","45.95","19145","20210531"
"PNB","42.4","42.5","240394043","15.07","15393","20210531"
"APOLLOHOSP","3168.75","3154.88","635444","52.61","10546","20210531"
"MUTHOOTFIN","1311.6","1295.47","1989390","36.5","9406","20210531"
"INFIBEAM","49.95","49.62","54916825","32.82","8943","20210531"
"ULTRACEMCO","6708.0","6658.89","328449","37.46","8193","20210531"
"LALPATHLAB","2956.15","2931.44","1217244","18.86","6730","20210531"
"MOTHERSUMI","240.2","238.23","9303856","28.61","6341","20210531"
"BAJAJFINSV","11806.3","11723.89","241152","18.51","5233","20210531"
"BAJAJHLDNG","3550.45","3540.71","133830","92.36","4376","20210531"
"IDFCFIRSTB","58.5","58.62","21775996","29.1","3714","20210531"
"RPOWER","8.65","8.16","136182541","32.26","3585","20210531"
"DMART","3069.4","3058.53","318681","33.32","3248","20210531"
"KAJARIACER","965.75","964.84","369267","86.32","3075","20210531"
"YESBANK","13.5","13.5","65555223","33.3","2947","20210531"
"QUESS","683.1","680.69","424555","86.45","2498","20210531"
"TRENT","851.65","847.47","1296401","22.35","2455","20210531"
"METROPOLIS","2584.05","2600.29","630864","13.65","2239","20210531"
"IDEA","8.65","8.7","68439642","36.46","2170","20210531"
"NH","438.4","442.6","790277","43.14","1508","20210531"
"BATAINDIA","1547.45","1544.5","301710","31.27","1457","20210531"
"SCHAEFFLER","5288.25","5262.8","20175","89.34","948","20210531"
"RELAXO","1135.45","1129.82","253113","23.95","684","20210531"
"EBBETF0423","1133.37","1133.43","54651","99.26","614","20210531"
"ICICILIQ","999.99","1000.0","53028","97.17","515","20210531"
"PSPPROJECT","400.05","400.41","147135","85.98","506","20210531"
"JKCEMENT","2849.45","2848.99","24642","69.93","490","20210531"
"RCOM","2.4","2.39","50630881","40.12","485","20210531"
"POWERMECH","613.55","609.56","74172","87.9","397","20210531"
"BESTAGRO","278.15","277.25","74830","91.45","189","20210531"
"RELIANCE","2168.9","2176.52","12928379","26.29","73969","20210601"
"SBIN","432.55","430.82","59299647","22.33","57049","20210601"
"HDFC","2580.75","2586.75","3900226","51.72","52177","20210601"
"TATASTEEL","1100.9","1099.68","17690925","24.47","47611","20210601"
"ICICIBANK","650.1","653.62","14123196","49.69","45873","20210601"
"HDFCBANK","1511.7","1515.73","5515081","49.09","41032","20210601"
"INFY","1387.2","1385.0","4791325","61.51","40817","20210601"
"ITC","215.25","216.54","38755111","48.4","40620","20210601"
"SAIL","121.2","122.01","110269080","23.55","31684","20210601"
"BAJFINANCE","5784.8","5742.54","2853451","18.43","30203","20210601"
"ZEEL","213.2","210.12","27473056","43.66","25203","20210601"
"ADANIPORTS","798.2","788.48","17847137","17.39","24467","20210601"
"TCS","3153.0","3147.93","1377441","54.36","23572","20210601"
"M&M","806.3","808.41","7230033","36.47","21314","20210601"
"AXISBANK","745.15","745.88","6660243","38.82","19282","20210601"
"ADANIENT","1416.25","1375.69","10018645","13.06","18002","20210601"
"MARUTI","7091.15","7100.25","642841","36.89","16837","20210601"
"KOTAKBANK","1797.0","1803.61","2289816","39.0","16106","20210601"
"BANKBARODA","79.35","80.01","59105829","32.65","15438","20210601"
"PNB","41.65","41.85","172714836","19.81","14320","20210601"
"ULTRACEMCO","6601.35","6620.13","397989","49.56","13058","20210601"
"BHEL","71.1","72.25","96266171","13.98","9721","20210601"
"BAJAJFINSV","11829.9","11790.1","302421","18.73","6677","20210601"
"NH","492.9","493.7","8746451","15.39","6644","20210601"
"APOLLOHOSP","3239.8","3214.75","706976","29.23","6643","20210601"
"MOTHERSUMI","237.3","238.12","8413113","26.23","5254","20210601"
"MUTHOOTFIN","1308.9","1304.87","1200226","30.01","4699","20210601"
"ATUL","8569.85","8559.18","55619","91.45","4353","20210601"
"IDFCFIRSTB","57.55","57.99","23354104","28.24","3824","20210601"
"YESBANK","13.35","13.4","59365980","43.45","3456","20210601"
"IDEA","8.5","8.59","95070972","37.66","3075","20210601"
"RPOWER","8.65","8.61","87455094","40.83","3074","20210601"
"LALPATHLAB","2897.75","2923.2","447758","21.53","2818","20210601"
"PNBHOUSING","630.75","630.75","412628","99.98","2602","20210601"
"DMART","3044.8","3054.4","180498","40.66","2241","20210601"
"RELAXO","1087.4","1099.22","372763","41.83","1713","20210601"
"AKZOINDIA","2253.45","2248.46","83682","85.86","1615","20210601"
"MAGMA","142.95","142.95","1037681","100.0","1483","20210601"
"TRENT","840.2","845.16","697195","24.22","1426","20210601"
"BATAINDIA","1540.7","1538.3","261666","32.9","1324","20210601"
"NETFIT","27.45","27.31","4298796","85.44","1003","20210601"
"METROPOLIS","2500.3","2529.14","141199","24.15","862","20210601"
"CPSEETF","25.01","25.05","3332251","86.87","725","20210601"
"BRIGADE","260.0","260.0","264436","86.16","592","20210601"
"JKCEMENT","2845.7","2846.68","13963","59.94","238","20210601"
"PROZONINTU","34.8","34.8","510204","99.9","177","20210601"
"ITC","209.0","210.07","96654991","62.74","127385","20210602"
"RELIANCE","2201.25","2178.64","11366816","48.04","118966","20210602"
"INFY","1378.65","1374.91","9272276","59.81","76250","20210602"
"ICICIBANK","648.35","645.15","16025108","59.41","61418","20210602"
"HDFC","2562.15","2550.73","3551619","65.09","58967","20210602"
"TATASTEEL","1124.05","1116.07","12862591","34.8","49956","20210602"
"SBIN","437.25","434.97","38657806","28.21","47440","20210602"
"HDFCBANK","1504.0","1500.01","5312008","57.64","45927","20210602"
"TCS","3129.45","3128.08","2240078","63.02","44156","20210602"
"AXISBANK","737.0","737.43","9973043","58.85","43278","20210602"
"PNB","44.0","43.44","397167134","22.42","38674","20210602"
"ASIANPAINT","2903.7","2902.17","2067842","64.17","38511","20210602"
"MOTHERSUMI","269.1","257.37","101188210","13.83","36009","20210602"
"KOTAKBANK","1783.1","1777.86","3098849","65.31","35983","20210602"
"BHARTIARTL","529.5","530.22","10372845","63.21","34762","20210602"
"ADANIPORTS","811.5","815.34","27748928","12.97","29333","20210602"
"ADANIENT","1546.75","1506.78","24541949","7.49","27714","20210602"
"BAJFINANCE","5808.65","5794.74","2013195","20.89","24367","20210602"
"ULTRACEMCO","6594.2","6605.11","567704","57.77","21661","20210602"
"MARUTI","7184.7","7141.97","598862","48.4","20700","20210602"
"MUTHOOTFIN","1414.9","1382.54","7848352","18.41","19978","20210602"
"M&M","806.2","805.52","4244490","58.19","19896","20210602"
"IDFCFIRSTB","60.95","59.84","76400646","36.43","16653","20210602"
"APOLLOHOSP","3273.6","3264.21","843219","40.15","11051","20210602"
"BAJAJFINSV","11823.6","11777.75","183421","24.78","5353","20210602"
"NH","504.9","522.93","8131155","11.99","5098","20210602"
"IDEA","8.8","8.73","160917782","30.55","4292","20210602"
"TRENT","853.15","847.57","826415","58.78","4117","20210602"
"SUZLON","6.45","6.32","173915134","36.82","4047","20210602"
"YESBANK","13.45","13.45","77114380","37.79","3919","20210602"
"DMART","3066.2","3073.45","236968","47.74","3477","20210602"
"RPOWER","9.05","8.95","87959859","39.55","3113","20210602"
"CRISIL","2000.15","1973.03","136101","88.4","2373","20210602"
"BATAINDIA","1543.85","1547.44","445135","33.96","2338","20210602"
"RELAXO","1062.35","1068.26","479865","34.51","1769","20210602"
"JPPOWER","3.9","3.86","83207187","48.12","1545","20210602"
"LALPATHLAB","2909.35","2902.23","196527","23.66","1349","20210602"
"HDFCMFGETF","43.66","43.72","3137525","92.72","1271","20210602"
"JKCEMENT","2846.2","2849.78","46769","84.69","1128","20210602"
"CPSEETF","25.26","25.18","3632480","90.65","829","20210602"
"MAGMA","150.05","150.05","497302","100.0","746","20210602"
"METROPOLIS","2470.5","2478.54","86510","30.91","662","20210602"
"TASTYBITE","15699.5","15709.47","3002","87.94","414","20210602"
"VADILALIND","1011.75","1004.96","22146","89.49","199","20210602"
"STEELXIND","58.05","58.09","367893","87.06","186","20210602"
"MAFANG","48.89","48.93","382200","89.81","167","20210602"
"RELIANCE","2209.65","2221.49","11064116","29.3","72015","20210603"
"ITC","209.05","209.38","46657520","66.91","65369","20210603"
"SBIN","439.65","437.3","38909199","33.04","56215","20210603"
"HDFC","2584.0","2578.13","3636647","53.38","50048","20210603"
"MOTHERSUMI","250.55","253.74","69543125","26.1","46055","20210603"
"TATASTEEL","1122.0","1125.33","12109477","28.34","38621","20210603"
"INFY","1389.65","1385.81","5115645","47.16","33431","20210603"
"HDFCBANK","1520.55","1514.65","5143630","41.56","32380","20210603"
"ICICIBANK","650.25","649.44","11805702","40.34","30926","20210603"
"INDUSINDBK","1005.75","1000.23","14752885","19.75","29139","20210603"
"KOTAKBANK","1814.2","1813.84","3444131","42.41","26493","20210603"
"ONGC","122.5","121.27","64241347","33.93","26436","20210603"
"HCLTECH","939.45","940.11","4164240","66.64","26088","20210603"
"MUTHOOTFIN","1511.7","1502.03","13711450","12.11","24941","20210603"
"LT","1510.85","1492.96","3025466","54.84","24772","20210603"
"PNB","43.7","44.2","265127956","21.01","24626","20210603"
"AXISBANK","750.65","746.78","8170508","39.53","24117","20210603"
"M&M","802.05","803.46","5001405","57.29","23020","20210603"
"BAJFINANCE","5901.5","5865.07","2230378","16.9","22104","20210603"
"TCS","3141.25","3136.68","1281706","48.2","19378","20210603"
"ADANIPOWER","100.75","99.98","50469406","36.6","18468","20210603"
"MARUTI","7209.5","7200.92","401590","41.78","12082","20210603"
"ULTRACEMCO","6641.7","6622.06","349479","49.15","11373","20210603"
"IDEA","9.35","9.26","433568903","27.2","10921","20210603"
"APOLLOHOSP","3425.65","3380.29","1098294","26.75","9930","20210603"
"DMART","3192.7","3160.77","820805","36.22","9396","20210603"
"IDFCFIRSTB","60.65","60.96","37184052","29.9","6778","20210603"
"SUZLON","7.05","6.89","185927034","42.5","5444","20210603"
"YESBANK","13.5","13.5","87413665","43.03","5077","20210603"
"BAJAJFINSV","11819.85","11845.08","183816","13.96","3039","20210603"
"JPPOWER","3.85","3.95","80230514","55.85","1769","20210603"
"NH","487.85","497.6","1414747","23.7","1668","20210603"
"CPSEETF","25.52","25.49","5587304","93.22","1327","20210603"
"BATAINDIA","1550.7","1555.03","251191","33.45","1306","20210603"
"RPOWER","9.5","9.47","12232924","94.78","1098","20210603"
"TRENT","854.75","855.37","404997","26.43","915","20210603"
"LALPATHLAB","2899.1","2905.32","110499","24.52","787","20210603"
"ABSLBANETF","353.89","353.11","200326","99.91","706","20210603"
"RELAXO","1079.95","1078.69","226225","28.53","696","20210603"
"JKCEMENT","2843.8","2849.43","34546","68.22","671","20210603"
"METROPOLIS","2452.85","2466.07","63194","36.24","564","20210603"
"EBBETF0430","1159.22","1159.59","45563","97.49","515","20210603"
"RELINFRA","66.55","66.55","742826","100.0","494","20210603"
"MAGMA","157.55","157.55","228534","100.0","360","20210603"
"JISLJALEQS","23.0","23.0","1223341","97.51","274","20210603"
"RENUKA","15.6","15.6","1411521","100.0","220","20210603"
